"V1","V2","V3","V4","V5","V6","V7","V8","V9","V10","V11","V12","V13","V14","V15","V16","V17","V18","V19","V20","V21","V22","V23","V24","V25","V26","V27","V28","V29","V30","V31","V32","V33","V34","V35","V36","V37","V38","V39","V40"
-2.24134308077772,-2.10956378879539,-1.81542376970408,-1.38989365839892,-1.60351530377851,-1.43522536783129,-1.54224598404449,-1.40807792053354,-1.31433089048831,-1.09448781063555,-1.07472761823591,-0.698904219857289,-0.616828934738381,-0.61495344165221,-0.533294840451947,-0.535306407950079,-0.53318182474156,-0.278347836901926,-0.293452644807959,-0.17895252908493,-0.244062572936492,0.0519446003272695,0.137855347679029,0.295562489394372,0.315642966730821,0.277356518357908,0.529788219329758,0.441793322058621,0.739922970805143,0.752982929504821,0.716936713862239,0.908161646115264,0.90942026764404,0.92914799539663,0.849040435696746,0.910815837317351,1.07521751069091,1.14329950194743,1.12320887900742,1.23296675292475
-2.43780090621579,-2.13023741156288,-1.7309336842837,-1.60411681525859,-1.49778784390033,-1.697859710316,-1.38845375141009,-1.32395929841259,-1.06392582872378,-1.1040675383135,-0.959284386745125,-0.802018427813586,-0.746581152682177,-0.767493109122528,-0.696055879609282,-0.603107635550493,-0.44565934384284,-0.462568549799175,-0.349219159530051,-0.20526437470434,-0.217173744196588,-0.0632937013204625,0.0285821502971769,0.252940650239986,0.288719122635293,0.362905416281621,0.360868330361961,0.496505863652089,0.650396784243987,0.626111556649718,0.683510410325746,0.58217852659343,0.802421834535575,0.636900398268245,0.791118405680115,0.874916186252477,0.911277252872895,0.959958870773034,1.26272921120397,1.18614942946455
-1.74013209634694,-1.7453626211241,-1.48822437767061,-1.17301937391475,-1.21013128600806,-0.988267707563645,-0.870823466216743,-0.740424777394332,-0.875623844965489,-0.712950629518781,-0.480370476141376,-0.647384383734941,-0.156379886524009,-0.186754030315274,-0.27393586435229,-0.0591198657511332,-0.106420580047178,-0.183859925151944,0.00288686444594428,0.238025506426337,0.225574219142243,0.391055130441448,0.532765046833241,0.633841347446149,0.526944184587427,0.550081701916679,0.763230406986669,0.728915598111249,0.89641598023382,0.99814538710265,0.891746934738016,0.998133261076385,1.00811724260872,1.04458656434706,1.20446110337489,1.28295015399842,1.12971889728974,1.4663239234687,1.37108416088584,1.54116786142163
-1.83742893698286,-1.7412376043155,-1.39002691118157,-1.29659191729572,-1.09785555500579,-1.10094310166124,-0.847672631473087,-1.03875930084256,-0.768252334656649,-0.625513087570605,-0.521244268170909,-0.0310559825135304,-0.547931554838297,-0.223022539469488,-0.104039365023392,-3.06085137860186e-05,0.249546089269946,0.0959654818857571,0.314193029918712,0.226134679515672,0.525664157442997,0.672511073464138,0.683787228573935,0.795232841795803,0.858998830438447,0.945072201937296,0.893848345302587,1.11636527638409,0.831846203912753,1.13398647504994,1.30637064308753,1.12504746130087,1.11176729874135,1.29052646649238,1.24817715518036,1.29984178372313,1.60034793626596,1.4431405287745,1.54072918157317,1.71593766839523
-2.19943230593922,-2.00718631271577,-1.5861879613646,-1.44397529722964,-1.41658731406656,-1.0162291942554,-0.971000975417446,-0.979051071100854,-0.72339896226195,-0.674010013805936,-0.504533841507111,-0.305055565606887,-0.28801063296956,-0.18083686775022,-0.244352296252437,0.0203359525220006,0.274682920900128,0.122808079332374,0.167111921388563,0.295308429947516,0.338347108593129,0.532526592890577,0.541563355749891,0.584157200838079,0.636054747221723,1.01710901172817,0.909646688193692,1.03653559562048,0.83719233051952,1.14221842955085,1.15089360595754,1.19362543327818,1.25203622698614,1.05167032359775,1.2632872855352,1.16597375932386,1.23098101319921,1.40515117818517,1.53089523843004,1.59885918879567
-2.05708687668628,-1.81414301864227,-1.34238789637129,-1.50248995535426,-1.47830426765187,-1.27704577851855,-1.17513779232825,-0.889901198900352,-0.748352179273149,-0.706965384428802,-0.528700142325456,-0.48373395878413,-0.461622679505231,-0.297543435754919,-0.0320989433784079,0.0100067621648886,-0.0332186766481301,-0.085817459609064,0.0261455524718411,0.228680434696208,0.208341066621292,0.345065075012201,0.531325726470861,0.608326921613847,0.492923698227817,0.754983637602144,0.728997368560838,0.716667081451873,0.655796546712611,1.01519712248494,0.95321027966998,0.954690581241114,0.784602853138681,0.992013121379472,1.13346928358092,1.07612767465269,1.31132076114262,1.27511258717653,1.4524431953675,1.42862178221982
-1.84573657912439,-1.60845412718003,-1.69023913632044,-1.37418888812509,-1.46431007579384,-1.24318186755414,-1.00530167406304,-0.995922477247814,-0.875647636844489,-0.777095622786446,-0.559005666402684,-0.568748846111194,-0.299458369036801,0.0742552274181516,-0.337941280758494,-0.148355879156165,-0.194946357475013,0.011656316856172,0.227840501873914,-0.0397097282799974,0.175003313442769,0.415995630893126,0.53145471739144,0.470590332993134,0.482341180336677,0.675304725896715,0.512665224973776,0.779415511818093,0.832813708197645,0.792902781637898,0.88794527302193,1.21267453305081,0.816896643064548,1.01716205566617,1.10407070511254,1.20302374038847,1.00246740912294,1.10597371331828,1.3139354929686,1.33750788688863
-1.59700718864334,-1.52444557483889,-1.50221739903383,-1.33864533825328,-1.16740539983331,-0.903327227306992,-0.675458978791349,-0.672822578430635,-0.531014824551214,-0.390749479772981,-0.371979563837983,-0.170226354282921,-0.155969252968796,-0.0142682401175665,0.0284938060249951,0.160933021424696,-0.0379481113395518,0.0684189886241756,0.157043642360125,0.119559776928771,0.329020218173346,0.312524472535058,0.424064597748639,0.634517826376805,0.8357795242605,0.58594837795211,0.777894563893066,0.852383253432811,0.917557266609081,1.04148893626377,0.929289394350888,1.09806185078455,0.889220351117688,1.0661464539327,1.00104943120341,1.2913066606895,1.28391411766795,1.36005017967604,1.37759005677381,1.39254901945189
-2.23220237812733,-1.98537876309528,-1.85760090973106,-1.63245654530082,-1.57831321369676,-1.5669655764504,-1.54691912765551,-1.26372511842515,-1.41127680182138,-1.20680823672951,-1.11650899591762,-0.754084936841012,-0.757695680028047,-0.88949828935628,-0.589691062125786,-0.618001295927225,-0.46512967061053,-0.076421619476918,-0.151418257646998,0.0871337404086219,0.121550194581448,0.20322596753828,0.245586274054131,0.499605013198947,0.420772275255512,0.391144231277909,0.599198605010111,0.535928947580642,0.50423156554307,0.761745306145338,0.980429603875234,0.845897207932918,0.98078545908805,1.0372790001801,0.871875044645712,1.10407024872234,1.04844901946665,1.19273901339309,1.19740415808377,1.23167328007424
-2.18733953223059,-1.91665821740785,-1.95682897145554,-1.9119818012747,-1.4340185245523,-1.45835563663508,-1.55199010883251,-1.51343671949984,-1.32486621139351,-1.32571441464322,-0.934745631425255,-1.04584798401565,-0.737337466357463,-0.64402623219556,-0.652029571272768,-0.639472892018876,-0.586519516198608,-0.585779334520071,-0.245974788868448,-0.175405503896236,-0.144933401183933,-0.0360312275085057,0.0292332645367471,0.212202827668958,0.277260460475218,0.098735105189688,0.256600706011289,0.274442307249129,0.631433211811028,0.502261285166705,0.443478620845681,0.675694510507191,0.587771946155181,0.602730103019698,0.901866916790465,0.793204331012814,0.795502666116491,1.0209542992409,1.0591686168304,1.19927406851703
-1.63658501320791,-1.58938175311861,-1.45768836600846,-1.47005567833903,-1.40410869374174,-0.999457679172429,-0.93364213086185,-0.86709484994843,-0.810424571096427,-0.597717143628432,-0.552192468439792,-0.280101073925978,-0.273454272823876,-0.263094227781893,-0.155960363019266,-0.0761915109905485,-0.0587236843614578,0.111868333538358,0.230425008822657,0.410323944396223,0.508304152113776,0.774983961116753,0.390995468974886,0.641545997479767,0.681216684412204,0.635919890420198,0.735832716546193,0.989324845155837,0.960605241930157,0.97447299180324,0.981074499182666,1.03474472281769,1.04876457476802,1.19877664095173,1.35896752741498,1.21048194728077,1.39725810280945,1.2013629796466,1.31863433238363,1.73111097712916
-2.11855669968301,-1.84581822161795,-1.77866628877542,-1.42550786503768,-1.52508480901175,-1.42465103522757,-1.39361423736646,-1.28904898045177,-1.14285113144508,-1.0271218496781,-0.925273919157564,-0.820376332742822,-0.683008354354492,-0.757388943986913,-0.480172923505553,-0.545088741689743,-0.242011827633832,-0.229264792952611,-0.0993987946044145,0.112539552920494,0.114261572006151,0.357682545819788,0.157780978977296,0.291441884462815,0.470037065437176,0.478283115351289,0.491820194193037,0.724955620460081,0.724398940859682,0.708608830580701,0.688163277355715,0.894090456131405,0.769183481621316,0.753977689291721,0.983581716019624,0.844373387755611,1.12333152134089,1.03774119522571,1.36182820620381,1.38817970171529
-2.05046026123516,-1.68290691316079,-1.42147317892647,-1.57271436497509,-1.2081772223512,-1.34286455058181,-1.24487941879233,-0.829852364160821,-0.967668853641957,-0.807864675174741,-0.541387055069267,-0.642901030422298,-0.486493029141196,-0.276118960987259,-0.345693892648319,-0.368410533704154,-0.300973302963826,-0.206878117577322,-0.127240833250137,0.230723723467471,0.0771989703079965,0.195226442537388,0.353885458904842,0.454351587884298,0.489820081383359,0.404903000503424,0.504804552244896,0.61771855529107,0.797939301036774,0.689400521759946,0.776738666255976,0.766521847026633,0.785517364381926,0.903143819847981,1.05430709190152,1.00771222935799,1.01614292666058,1.27609793033185,1.32614975088888,1.38347031759808
-2.05779964850985,-1.98254077589521,-1.79542553430031,-1.50582534302088,-1.58967505853203,-1.38872905925024,-1.15983343432893,-1.38260235180773,-1.4061179465673,-1.05052547055893,-0.93092278893633,-0.791375126995073,-0.610939837364246,-0.679037603839676,-0.569448314462684,-0.600817309842837,-0.375132397687898,-0.345065222345822,0.0523420538146491,0.0435212439584141,-0.166317915860358,0.0794474957806357,0.447915645544515,0.478025974672164,0.240518261852832,0.502721544074761,0.470021407953936,0.448090016264478,0.497422169143745,0.636477957376681,0.605794588575775,0.797055330832064,0.748532192249051,0.711538568017235,1.08464714011335,0.859018798760368,1.05043359258115,1.16044093815695,1.18911923431217,1.15240437063193
-2.04109555819244,-1.85797184267243,-1.6147901001417,-1.4027604311041,-1.34743868289475,-1.50415333767815,-1.24325257522849,-1.38891570930704,-1.11891460980039,-0.958979777864615,-0.922029222010048,-0.909002518259871,-0.636114817446472,-0.686809700609738,-0.473699341204184,-0.556675874213824,-0.429477413861007,-0.380240446538015,-0.0297358673375246,-0.101659817082746,-0.0745771854126283,-0.186626298674891,0.302689633788089,0.252421986692837,0.317240971469945,0.179098599675153,0.366662173471211,0.576881582888772,0.696867012707852,0.90339993616559,0.825201713639204,0.834386893230558,0.852942899151512,0.980945245093387,0.857110391858443,1.01553664461213,0.897982709754661,0.930545790069185,1.28127209634848,1.34642335183552
-1.95979972432956,-1.72205006232524,-1.69653807812654,-1.31595325444504,-1.33508402991692,-1.00710748986581,-1.0932441137638,-0.827872221973454,-0.721529356359448,-0.432476092748159,-0.542285255685524,-0.19835763460216,0.0316923987978465,0.0432250397216021,0.0937778063190872,0.0558140085043504,0.334349213997256,0.089671638678168,0.19480763683515,0.402089515392185,0.478544910580433,0.548963089240637,0.867385439660291,0.765938049886556,0.900535649789242,0.856731565451067,0.926467800246741,1.08361220049803,1.04647702446538,1.26234479053143,1.14238561721657,1.40905980136388,1.36430268144376,1.16637261400779,1.36116703171549,1.47518597028943,1.54856891610041,1.83316232136016,1.66153684352766,1.8239921074692
-1.85923071625992,-1.51442402657585,-1.42656205845428,-1.29283304008805,-1.11368844868754,-0.678513350529665,-0.75000709376981,-0.321046759393137,-0.59425256008609,-0.341718575841439,-0.0424099107822512,-0.0595756365782832,0.0304552814393341,0.248777690565318,0.27374152382463,0.386704701123217,0.243205312086902,0.262510563581428,0.426716584274648,0.382176679785038,0.4829786964267,0.691163764098087,0.863147577987967,1.03603043552466,0.929864428617778,0.967505444811567,1.10916625627034,1.14847485082004,1.1061681698677,1.3383297685308,1.23970678937345,1.1425188467966,1.55502666652114,1.49601897363684,1.69646462426393,1.53940273571811,1.43944281053298,1.67954455511185,1.80419468263845,1.92796745745705
-1.8923319802867,-1.69205533885017,-1.35249807029314,-1.38359975427684,-1.289484699326,-1.34348743459159,-1.2319634232386,-1.0859136337876,-0.986699006482103,-0.709551145066457,-0.743197567046829,-0.556747094917695,-0.673367233748695,-0.130408822805138,-0.204174899784807,-0.169390901389054,-0.108899730002091,0.143858295336947,0.192394857479162,0.249812518843044,0.233308358693909,0.493494762350797,0.425270396749145,0.511895761320921,0.588554813133618,0.598952030118136,0.705890355323846,0.7904806273667,0.809088609910588,0.78237542174912,0.747935879230183,0.84915900936418,0.850917410657746,0.985760337247369,1.1330007711363,0.823017190981649,1.05801574174993,1.26027315046101,1.28099461414011,1.35068205812282
-2.14444518457028,-1.77151170862199,-1.74551021093776,-1.6498450164564,-1.20241094644872,-1.10392717386421,-1.13367072964409,-0.914980602038928,-1.16954665839608,-0.757442899210967,-0.784500283147117,-0.446494508954674,-0.386169101527329,-0.332732662605746,-0.0303587755125507,0.00885738950519671,0.0745661164128284,0.119954573938202,0.265505472232667,0.388489488538987,0.501288018813681,0.579093867448976,0.819758088820965,0.752817612299234,0.796521066184563,0.916899889195504,0.975647899235035,1.09660795277582,0.936668381347203,1.10093737279024,1.08994451009095,1.06970732233229,1.17168610790704,1.11779222170273,1.30997719412256,1.32171118326933,1.44141746790854,1.44474961264718,1.69309513760584,1.85496739677281
-1.93194656926765,-2.01636365700241,-1.40133393975398,-1.53949673384461,-1.59137499785234,-1.30661668715587,-1.131322847461,-1.2145148438649,-1.2892208424052,-0.951680045029227,-0.93035420256774,-0.863478087631587,-0.881604043336163,-0.579297985541354,-0.242545924952132,-0.175235840290436,-0.181238500730208,-0.203236704620177,0.0450563834596364,0.207341953678674,0.303520127025008,0.549914906852224,0.554816098977332,0.49036948887834,0.425130306095518,0.643123818775134,0.595382710273307,0.598877891054089,0.832669334086331,0.835235621612823,0.682518622892795,0.794345663048286,0.916418119794412,1.0047694026803,1.00921421032006,0.882626740517754,1.02673778072321,1.17398880364759,1.24197488846369,1.32313786845119
-2.10069343428264,-2.01149463376022,-1.91466351568519,-1.69025954872668,-1.67873537254819,-1.4968083147762,-1.52378955761148,-1.44426819174147,-1.15766469210672,-1.25686223436086,-1.18615292915348,-0.921727592202853,-0.597106166089937,-0.728313672456961,-0.668194083278889,-0.463682084548359,-0.490190981560524,-0.570763845127332,-0.390599681826545,-0.10048418748904,-0.116083560239553,0.0485792170883943,-0.0610200075207626,0.321648131485688,0.0761471017895353,0.36449074496907,0.328470797090381,0.36470740239909,0.499451635356179,0.499193924041266,0.646428571847362,0.808474207500349,0.538124896166287,0.843814445378438,0.685278245845032,0.833696304980783,0.850992864844664,1.0250094007024,1.07579089159609,1.08255043681693
-2.4114654582854,-2.05616506411592,-1.84411701940912,-1.99412530392379,-1.78426531508836,-1.48280600945573,-1.44786560097481,-1.37067200217614,-1.10186466590758,-1.1631962762912,-1.15585791794411,-0.929795637473731,-0.689223539863698,-0.913925215763842,-0.696600642630484,-0.679605119918764,-0.645730994929564,-0.731431364448058,-0.514272636458651,-0.471329767160147,-0.435262808181075,-0.527873295568858,-0.147716237852439,0.104582179645062,0.0977099826804597,0.179172250568443,0.176679374742473,0.420580758982242,0.451001494211819,0.679865304244665,0.6377001168806,0.507734908903549,0.526998726480128,0.740136399793585,0.866336331769339,0.762762717165777,0.830196271652053,0.954866611054975,1.19414109824336,1.25846030713318
-2.13366742120273,-1.81278432922952,-1.60565290909056,-1.51491370358441,-1.43913682044632,-1.23885248257786,-1.22785637055533,-1.0664322927688,-0.871662207389372,-0.983100794648873,-0.630081757478032,-0.534212769820845,-0.475324464501947,-0.21601031090289,-0.187370641576859,-0.110788367818602,-0.101380100746522,0.0093833377459381,0.0595833767685205,0.0233225226936311,0.184803589571204,0.403512616764315,0.225796216129838,0.570000657243469,0.634191574791872,0.622438333232313,0.780505000350263,0.696156623418468,0.589873675202128,0.914181295522557,0.746724253229912,0.892240393493134,1.13406082052385,1.11332076502939,1.06680530619909,0.981235683549195,1.20317499428754,1.12878050797644,1.25745331891553,1.46580314410979
-2.44855546529655,-2.31998481289679,-1.70303358090356,-1.72153276601774,-1.55777262596369,-1.51000874027267,-1.41297357652828,-1.52318184198524,-1.464121261035,-1.36050267479785,-0.99865695042876,-1.13288546282045,-0.671746346482404,-0.811585554896367,-0.673066524513752,-0.869453144268471,-0.452038383457914,-0.637834923400234,-0.409698406236442,-0.357120221173508,-0.47293097740818,-0.0299503242062265,0.280304934376152,0.0218256230527848,0.318691664012628,0.317751762758813,0.461764744142926,0.562832110019905,0.546221586859468,0.905862524358521,0.70583340689656,0.921741224653113,0.69398516035333,0.761397832105239,0.864708367386738,1.24248956911986,1.1592605856493,1.24614363137595,1.17375959923402,1.36451055674793
-2.56431152859744,-2.404784826687,-1.95109861460398,-1.63580391611228,-1.78761159402714,-1.41286926792264,-1.41619845444222,-1.38788943001162,-1.12347661618111,-1.1140275623704,-1.06589101761786,-0.840860162279913,-0.547743184785826,-0.619390987733664,-0.686128291709816,-0.398292504027978,-0.489189239879242,-0.49466919433521,-0.161302801766423,-0.0849656459411928,0.212623178651074,0.241991114574003,0.296095484462014,0.308146957641438,0.44199742080273,0.471749902831135,0.48344719565084,0.610724516752238,0.716287903631749,0.798123468368691,0.8401875834544,0.838821097203217,0.889961418938993,1.05770232365777,1.0910543589487,0.983018305317879,1.11453271314928,1.16836304631571,1.35389604476419,1.40495488330565
-1.97524578383116,-1.64475268495154,-1.4655128903383,-1.36260150514064,-1.45622588595274,-1.21335302747987,-1.32505446642061,-1.17374036517747,-1.14655962110897,-1.06116327159548,-1.00401644244449,-0.732336499278991,-0.660468828090882,-0.6003868745928,-0.375217246033741,-0.50599906938158,-0.462850688271041,-0.553581882866856,-0.309299410796913,-0.0353961610192391,-0.00954653295686422,0.0951828050819576,0.23443602155176,0.0358700512023183,0.349113117108485,0.27486538832833,0.436679445171005,0.544402162345982,0.634390807190375,0.840882814401749,0.84316242651338,0.627089688735209,0.60367391227223,0.744883375731315,0.908600613197715,0.867767316346682,0.769786355266357,1.06060258418254,1.05528032395767,1.23061558785113
-1.52769523633004,-1.53935184087915,-1.31483960225987,-0.9902389875593,-0.986326488713382,-0.877360918913506,-0.869788248882706,-0.563222329564338,-0.837279518506837,-0.567068921582488,-0.448195542752239,-0.307863511956133,-0.156071325651529,-0.175018067597983,-0.178977580400332,0.0210923888234801,-0.0808265685437254,0.199714745849204,0.176422664259235,0.12030583852954,0.472627694243115,0.403727859609115,0.360457263369325,0.344358960582613,0.682203690373796,0.762836652562554,0.768068167815638,0.564426463895969,0.714046741716645,0.740753528649826,0.840167509390637,0.878456384750837,1.07797921596041,0.929717271051201,1.24256964426631,0.989293684049314,0.948518769894448,1.13325336702981,1.19912296554978,1.46077017127738
-1.78447748789567,-1.45956746316064,-1.41401791359306,-1.24765617589277,-1.07912469322046,-1.07294395471004,-0.961738542790213,-0.664534710812172,-0.482887291360084,-0.548398627028378,-0.329909355456868,-0.0194536010927997,0.139633666780121,-0.101307963468774,-0.104925120163836,-0.0355753694425392,0.218347395238409,0.155360996048652,0.212693445931468,0.336603231056549,0.483512783969884,0.314172981941163,0.5308032157707,0.638901904076355,0.73654933585561,0.894660593166221,1.0154978595764,0.92182411582084,1.08702260211723,1.06281976707211,1.29045103976641,1.20901851529209,1.31886110781367,1.2189656880683,1.39715500095971,1.36046778262363,1.68906086063049,1.398746074379,1.69416415578756,1.6266228259947
-1.99908808841481,-1.84656992175428,-1.50241946114929,-1.34302211989048,-1.38216955294111,-1.3447513760162,-1.07842610746853,-1.05341686161642,-1.07525605735683,-0.768073796268462,-0.560025602013698,-0.472352957223257,-0.57052225075433,-0.383155564092227,-0.318074405389861,-0.279144768985871,-0.185112912025914,-0.303945705690375,-0.0868215593289074,0.106941695301859,0.192890220601354,0.207831299389798,0.305169793559626,0.513896132110547,0.440117346730539,0.522818817095081,0.695120514717752,0.675739344694139,0.823275888290456,0.827925948383176,0.89358924576625,0.78275469225952,0.839780162934377,1.03581048740993,0.993252889846036,0.845183620725643,1.2520742709451,1.0598090364049,1.48306548056583,1.19160792259048
-1.85494337877102,-1.67812267840455,-1.4705591756414,-1.34936447160159,-1.3717462034919,-1.05303048901003,-1.17553083199698,-1.16253494701579,-0.986459785567495,-0.997402444951286,-0.884646010804719,-0.701692986419576,-0.463140915110542,-0.602971039805164,-0.355400876360506,-0.401283808743646,-0.471155197604018,-0.24355039161001,-0.0812818098545476,-0.0493772366761504,-0.120357152459606,-0.116260242503366,0.338454453053914,0.337011993363834,0.166956728426462,0.277709662302719,0.292715670766459,0.538379042620324,0.602058984566028,0.747375530613611,0.69496144520837,0.703904192345922,0.842429704232477,0.792927570003753,0.914974027744151,0.776834075732134,0.998984895477202,1.05888313224544,1.08354481289669,0.933092171182996
-1.93438535860028,-1.86450423520408,-1.59936067465142,-1.58499829474114,-1.32410590652197,-1.25858710103377,-1.28513182229636,-1.07295048930456,-0.906813657763544,-0.814423565461918,-0.62489026616103,-0.554074890932622,-0.383642391059977,-0.368958148046192,-0.499693521155013,-0.217247319737824,-0.141260040029625,-0.212098927861037,-0.155388831473274,-0.0135754845402772,0.196425931994724,0.0922729987370873,0.213185781980626,0.278668986030463,0.42783600193995,0.489715357755748,0.560469442806533,0.676726748721182,0.775071073680097,0.867986890376958,0.669409499396474,0.877893632456605,0.697055297789984,0.949123877486753,0.967254837586532,0.906409407290216,1.27712025439459,1.22544310503741,1.23179750445836,1.56576417313187
-1.89648116339322,-2.0480379031322,-1.77935049866468,-1.50755003551575,-1.52217414413311,-1.24637425379593,-1.08521663109621,-1.08814168998438,-0.820660157875367,-0.857154914640069,-0.762855957241718,-0.416279227650348,-0.541287692088714,-0.551872284434548,-0.333893119847958,-0.183517157754693,-0.252648467614537,0.142165164758806,0.0760559946296631,0.0599399315505896,0.145246007139626,0.144449254006181,0.426991101190735,0.455809866153324,0.309736941245108,0.385948708840917,0.706313567168503,0.85495195622734,0.749695428684612,0.799721046725686,0.801853758059363,0.920169471622716,0.919753271207582,1.0591947486321,1.09978205285798,1.2569491500603,1.02293456151794,1.30533217558057,1.59899608088958,1.48417724060751
-2.30937661629634,-2.04305963972573,-1.84903242374885,-1.53157643713039,-1.59530396944448,-1.39461213731223,-1.06414301476933,-0.98122181648762,-0.909146802258844,-0.603727166167649,-0.58522975080247,-0.508014707162108,-0.304411037470136,-0.140335827621593,-0.183742287737692,-0.153534260969916,-0.0900551681488134,0.0878475321923788,-0.0322964871587756,0.0683771688015981,0.316113776346435,0.542199200740437,0.307251843574895,0.53926833356184,0.514963749768317,0.642361050831336,0.881239861844638,0.789583155012104,0.817360355071231,0.945586116756193,0.986790191886147,1.03540599326855,0.982100694166478,1.10257344409703,1.1606665110253,1.18836874166571,1.26367225687331,1.18975053347632,1.52728832137871,1.5711721878458
-2.31310896005057,-1.96310540831126,-1.77658589326063,-1.62088288386521,-1.6439945504808,-1.46515894774265,-1.33384699657844,-1.05850502539318,-1.05046969914604,-0.951852772455102,-0.947801481720783,-0.661270688922639,-0.478200300947601,-0.533227954586452,-0.394529335219363,-0.418835678000404,-0.208823904789765,-0.108904301171552,-0.0958785408236519,0.08382781910604,0.0982174372837356,0.521450520297964,0.253906175434111,0.39138244590538,0.357576926809405,0.299533924708724,0.60712017616921,0.516736881943732,0.723156096449487,0.892940349511301,0.871452574862811,0.771825295331349,0.790077971397274,0.765356296261718,0.938203425138488,0.881937392613392,0.942879926342215,1.19078589908226,1.10923530618718,1.20983754356252
-2.42915335359233,-2.27339079911936,-2.00487329012353,-1.95279513812599,-1.82858502519131,-1.68277542367729,-1.47960723296171,-1.5538140076638,-1.4009265714739,-1.25465358159838,-1.0664047527533,-0.959442272103037,-1.04223737847938,-0.848369963982329,-0.65589715847841,-0.481556466915874,-0.380913322192365,-0.582871392323899,-0.348540089366821,-0.245695413052541,0.155144066221914,0.0848725621058558,0.162075674362824,0.23277351878591,0.395085003443073,0.331976635261713,0.483319779966812,0.647627529477746,0.803976988222489,0.625236591864142,0.68705035388382,0.824587971195921,0.891104285750128,0.973634072114417,0.874042410514608,0.840215135463128,1.06592300136691,1.01894255940101,1.04526454429715,1.35775720171535
-2.0895976637845,-1.82306388625682,-1.71890347933365,-1.51377470687015,-1.57385999497422,-1.35846027421747,-1.31322373404908,-1.22699051523225,-1.06593224924611,-1.07703637467129,-0.838221282757003,-0.74358181277445,-0.642101077599755,-0.413527544833484,-0.419693934404908,-0.324458953876413,-0.198539856936217,-0.184746240048938,0.012999679413995,0.0752755154120263,0.12810657874023,0.224525698636983,0.466595625517943,0.333334089846932,0.321309772094797,0.464411395081232,0.650488243434887,0.627548293597348,0.558161891575362,0.686868248345568,0.608010255635554,0.653126402188929,0.701145598264652,0.675647968407694,0.776000385926704,0.815478687019841,1.1463842669261,1.05551002247193,1.31781764328427,1.14753524146056
-1.86996252301611,-1.41826291333258,-1.30900333041162,-1.2073878755988,-1.37403465084982,-1.23037068266608,-1.06400487410133,-1.00077555269047,-0.818022227604812,-0.549637623337028,-0.43506502309653,-0.656261495888141,-0.268221675345434,-0.431252085704887,-0.302294179538404,-0.356627182174906,-0.0548511294675908,-0.00246428566906304,-0.0203097987927377,0.120282247666445,0.170517497009581,0.253873970405136,0.296185629105627,0.458532840660229,0.373765114436744,0.422295361843984,0.568034882177703,0.661475887433825,0.599677390676507,0.597855754249473,0.927004916232902,0.666592501261349,0.950447950115834,0.898366695174745,0.879680855610636,0.875131754800316,1.00510318933084,1.27325806735628,1.35253705372007,1.29615592545638
-2.17746465139045,-2.06835835207742,-1.86976801521306,-1.88767450810064,-1.47357099926766,-1.67055315007598,-1.47832894240873,-1.24862556721499,-1.13207746947977,-1.187043982483,-0.967765359095535,-0.58564107271493,-0.627609735130469,-0.454671018223561,-0.601247577950209,-0.356478442904845,-0.263172058307863,-0.250290016249499,-0.182181484403735,-0.0927322930946042,-0.0931219079719095,0.087262523565529,-0.0256976311528708,0.231947179352573,0.228333538613404,0.27972297723771,0.294625715723926,0.397633811795637,0.428968803090003,0.431134869582427,0.584900844576753,0.469634445988793,0.444223198425505,0.653087415523078,0.541371049972458,0.633056826032914,0.750126624927271,0.7674304540544,1.02591803584738,1.1415763395986
-1.71871997198067,-1.52389668347431,-1.42652317418687,-1.30287366539089,-1.14482589349026,-0.835681947162627,-1.1150910250665,-0.803266724053835,-0.704390829141613,-0.791832622232937,-0.683703943092894,-0.171804823218965,-0.296671906103772,-0.0714198871904015,-0.0270563835823264,-0.219870918460231,-0.0133645948907088,0.230783917644776,0.103646111917449,0.345834285959402,0.589455902999004,0.731958312395655,0.757506263044067,0.767680206966226,0.850749673669618,0.954814274560811,0.920523109412763,0.824068006691892,1.10845303543719,1.09164045913451,1.1589823984435,1.0457155607827,1.19070750877878,1.27753549286929,1.34013962553554,1.29217126351818,1.42606072396101,1.5510141954352,1.73100193702378,1.67434755531175
-1.73064912743018,-1.51829363866012,-1.27879580392396,-1.29905067026491,-1.04750518528655,-0.801653356473806,-0.799298279877646,-0.895569209171622,-0.86738428585636,-0.80546069990841,-0.683617475767602,-0.467638416733501,-0.172862605886846,-0.330614861979203,-0.116056776966834,-0.209885970881821,0.00497166249099141,-0.14827991684856,0.0187604911874116,0.213514691825748,0.244107421289953,0.590612221006122,0.627871578210753,0.385569831037182,0.565652173276637,0.656415349544177,0.677816563592077,0.777004231274478,1.05697349839238,1.16285773630048,1.2258043596303,1.03301683245215,1.28057704335203,1.12432098185024,1.27673921505618,1.20673969965257,1.33726552874571,1.41168479578371,1.39731843253457,1.43527169745692
-2.2474125163174,-1.93674539430351,-1.72810143327018,-1.47964739057213,-1.54712216107481,-1.52826392529082,-1.45023331908091,-1.25672007426849,-1.08442923753299,-1.13243803561166,-1.05738436240627,-0.629870686133268,-0.600762652213387,-0.607328653637305,-0.408919061636161,-0.344618264874911,-0.190820587767005,-0.259249107981425,0.118758001377561,0.0941594513133041,0.193582214949643,0.329701738214194,0.596489909968588,0.38331709953475,0.551739706922591,0.604759070744714,0.54706924227028,0.75852854059454,0.786577310038801,0.750027868531246,0.876802978369473,0.986118324002587,1.07174476412374,1.02478787566031,1.15448894880696,1.1693226312311,1.27452243209815,1.07250220124444,1.49691241850717,1.56756325939049
-2.26319831434178,-1.93281285755484,-1.53487951280266,-1.80026384136402,-1.69771723121706,-1.42066510222284,-1.35162003362676,-1.37573020277619,-1.26026083278196,-1.33117315937157,-1.20512740148805,-0.895332137498499,-0.937827634958279,-0.846724897900346,-0.713510377316052,-0.881383702527053,-0.642077686930164,-0.479454808886804,-0.350566086871708,-0.123588417844421,-0.307240194084636,-0.405679925333403,0.206270489913671,-0.044821380517401,0.120239812070777,0.303455533506234,0.251508319510159,0.467210732170918,0.552492001764356,0.734926349276383,0.571960892033865,0.659616644950886,0.82491750978602,0.837055921730018,0.905488026962206,1.02493453485602,1.02389254597511,1.17055199881303,1.26004722334891,1.12139910818315
-2.067061614151,-1.91912964778204,-1.5396941338233,-1.67465822900236,-1.5521583720596,-1.18229579773221,-1.38033462075285,-1.21629660708951,-1.12514905263957,-1.34494927257056,-1.00866806142595,-0.895459223037381,-0.878599877219213,-0.776039699398143,-0.45972862866992,-0.845464229599401,-0.660592290384226,-0.629808340741388,-0.358587740299818,-0.502759847585547,-0.324710919362569,-0.273989257131245,-0.0701084196667133,-0.0298657454626763,-0.00516381603811373,0.298249498524293,0.403731834622508,0.515550948847754,0.714820555910705,0.608424047164595,0.762705680025434,0.697862692714921,0.636139192108434,0.825379458478101,0.812677028983916,0.86791265132696,0.815614687051277,1.10648680024466,1.23752989837125,1.13756944575941
-0.974163414994981,-0.857563844507449,-0.723377910953524,-0.427451587112041,-0.47800722804065,-0.233307517169494,-0.144380361007632,-0.278579765415189,-0.102345065562471,0.069843342154452,0.0999449505869972,0.207299980158752,0.328996351804396,0.244045626677548,0.226030935874954,0.167171420328732,0.498276448853091,0.294120170495471,0.347848734676429,0.267981242975808,0.696249679732692,0.754262584742642,0.839021904636987,1.00920692138055,0.824310114144266,0.96438673972041,1.04548948933139,1.16628208790436,0.971393088058688,1.02359262783,1.29118981886255,0.871830868737149,1.23656272841523,1.41654199492581,1.32956385642341,1.48857643074723,1.3201545932804,1.42872472797153,1.38265890904854,1.52758346734802
-1.57759220276823,-1.46508920536104,-1.2724242167093,-1.02333423545366,-0.790793424685013,-0.612209300385749,-0.5568230330198,-0.68136977696141,-0.424776280402374,-0.275025293569296,-0.210529473940066,-0.0532110338363198,0.121549294906317,0.0445163519387128,0.244001388208032,0.187930310071406,0.284765386453278,0.200502261561614,0.129574032800485,0.308658929335796,0.550927761237342,0.646537562618455,0.630421994771014,0.765873746163087,0.723440950131195,0.805888230478413,1.04348390648864,0.789642937867415,1.07896038245354,1.44802418491435,1.18234027402984,1.10631905518835,1.38813524004243,1.2360462857099,1.26052617646259,1.2148021864003,1.24750838782978,1.31618722703236,1.50278557456328,1.6733228690403
-1.84167033401722,-1.69971794129154,-1.48597718799389,-1.46878251590291,-1.1065189912085,-0.986817543526628,-0.88103051676904,-0.459560221081554,-0.446890423331762,-0.329255296433512,-0.34837628042854,0.0104132406043319,-0.0663435716915425,0.12763952832426,0.171121526205852,0.181080953450626,0.414969155136379,0.326118820628464,0.425906793691237,0.424786243267262,0.448893390935221,0.596752446234154,0.821245942493762,0.914947367364715,0.902889202574996,1.04007377166325,1.01234319916633,1.11659428321273,1.13137572877882,1.23509807169174,1.41105425783721,1.31624641678383,1.44452665264752,1.4797824040888,1.41111018129397,1.29766284555106,1.48911860344143,1.6254747852992,1.60159472562981,1.92100573518532
-2.09824757143919,-2.22715716871416,-2.18054911377982,-1.79244778826351,-1.79735552295146,-1.52765099835884,-1.44328164241317,-1.33156488221922,-1.38027833729359,-1.07473584286546,-0.761725460645412,-0.633407268017621,-0.433816290606601,-0.63781197445607,-0.613706983958576,-0.363755804976989,-0.399411585589522,-0.349402667517596,-0.174688055465681,-0.139288818086352,0.025509259566317,0.0571355514647065,0.233795714174029,0.323440154520794,0.317631971729714,0.460801138185959,0.506932310456156,0.553684228179086,0.721918757273348,0.691828889134515,0.828318600057526,0.90969880702304,0.981540183157671,0.834528234027351,0.876555878950816,1.09364814159102,1.23707334084856,1.34944340836931,1.32053956186806,1.37105441712807
-2.17439905383192,-2.03186702822341,-1.76775842830796,-1.80127416233968,-1.44928969052716,-1.27346925705046,-0.965260135605116,-0.865423786252098,-1.05938963980959,-0.725447184630768,-0.487382113678867,-0.250545139533229,-0.258729182056329,-0.250986629597958,-0.33161099680608,-0.089400888584749,-0.00294779861022018,-0.273142037266502,0.0521884112528349,0.141523833396117,0.261519603038017,0.332410771975542,0.550049365628519,0.310632212532608,0.807607337271675,0.634007749915125,0.909160675069609,0.787533580111624,0.969498007052243,0.994828866101616,1.09023829568675,1.08350916694827,1.00309313251064,1.15017082459721,1.48377642341458,1.19085058811443,1.27936389743975,1.2959946149046,1.48286518961982,1.73474241547439
-1.85623845226926,-1.72526365237094,-1.64994842275662,-1.21089231189914,-1.16000745944832,-1.0844275978083,-0.719363286751129,-0.620771456505265,-0.238857535962898,-0.326395884224519,-0.229622669852571,-0.187472954731758,0.140164070224539,0.166742146350331,0.146605763050975,0.0184864342146274,0.23356782903313,0.295707959177863,0.348316684365392,0.517504869624159,0.629470756994077,0.749272630284479,0.826771027970028,0.956869369739461,1.13535136327498,0.937655431203241,1.06483420566666,1.17461107547999,1.17676095210407,1.24090280759665,1.29999244737498,1.42413252144064,1.57166694369748,1.46017758102538,1.54511905288166,1.2852039086429,1.59471926517493,1.54651616581744,1.61693406395328,1.6564217082572
-2.39965820323767,-2.28957427360818,-2.11560804423887,-1.92360144779135,-1.77936909855541,-1.69347133877859,-1.31706630786934,-1.13802445403224,-1.15822670908056,-0.830825065468705,-0.766134833004713,-0.60098595666338,-0.311772043329861,-0.591655714351344,-0.443273003689134,-0.357683742286101,-0.244101925376694,-0.156807286464394,-0.116417317420897,0.00173077366038314,0.0974960336109389,0.223786823951002,0.341886026836247,0.364549776970792,0.535686730838534,0.469450135207827,0.682061903707677,0.822563314826765,0.869363194815483,0.967649696331856,0.943525816778241,1.07282580620773,0.826845209701819,0.974336263052687,1.16655712635314,1.07788879133872,1.11219895701202,1.33899776409074,1.54633641142097,1.58337102414497
